ID,Accession,Conserved domain,LOG (2)-FCS0 vs. G0,Adjusted p valueS0 vs. G0
1,GAJC01017287.1,None,−1.23674,0.00096682
2,GAJC01017061.1,Chitin_bind_4 pfam00379 (3.07E-19),−1.11582,0.03116203
3,GAJC01000522.1,None,−1.09305,0.01189165
4,GAJC01000520.1,None,−1.02435,0.00556429
5,GAJC01012741.1,None,4.993669,0.00937726
